,open,high,low,close,time,volume
0,116.0,138.89999389648438,115.0,126.0,1626978600,694895290
1,126.3499984741211,143.75,125.3000030517578,140.64999389648438,1627237800,249723854
2,141.6999969482422,147.8000030517578,127.75,132.89999389648438,1627324200,240341900
3,131.0,135.0,123.5500030517578,131.1999969482422,1627410600,159793731
4,134.9499969482422,144.0,132.1999969482422,141.5500030517578,1627497000,117973089
5,142.60000610351562,142.6999969482422,131.0,133.5,1627583400,88312522
6,135.75,140.75,135.14999389648438,139.6999969482422,1627842600,66909732
7,137.0,140.8000030517578,137.0,139.39999389648438,1627929000,46610001
8,139.8000030517578,141.0,135.25,138.39999389648438,1628015400,41134419
9,138.75,138.89999389648438,132.0,134.9499969482422,1628101800,38437134
10,135.5,136.1999969482422,130.10000610351562,131.35000610351562,1628188200,31975356
11,132.39999389648438,133.5500030517578,127.25,130.60000610351562,1628447400,41358299
12,131.0,131.4499969482422,122.0999984741211,125.1999969482422,1628533800,43164004
13,123.0,138.75,123.0,135.64999389648438,1628620200,111702781
14,135.64999389648438,137.39999389648438,132.0500030517578,135.4499969482422,1628706600,51256670
15,133.85000610351562,139.75,132.10000610351562,137.35000610351562,1628793000,33674300
16,136.39999389648438,136.89999389648438,132.25,134.9499969482422,1629052200,20305361
17,132.8000030517578,134.35000610351562,130.60000610351562,132.5,1629138600,15815187
18,134.5,136.8000030517578,133.3000030517578,134.9499969482422,1629225000,22566920
19,134.9499969482422,141.4499969482422,133.0,139.3000030517578,1629397800,53789580
20,137.8000030517578,137.8000030517578,124.75,127.25,1629657000,68470861
21,127.25,127.9499969482422,120.5,125.0,1629743400,56713556
22,126.0,128.5,123.0999984741211,124.25,1629829800,51078811
23,125.25,127.1500015258789,124.3499984741211,125.8499984741211,1629916200,20645403
24,126.5999984741211,129.5,124.0999984741211,124.6999969482422,1630002600,22227595
25,127.8499984741211,135.4499969482422,127.5500030517578,133.5500030517578,1630261800,45239080
26,134.0,135.1999969482422,131.35000610351562,134.5500030517578,1630348200,24640924
27,134.5500030517578,135.10000610351562,130.6999969482422,132.60000610351562,1630434600,16162269
28,132.0,138.5,131.5,137.60000610351562,1630521000,27882466
29,135.9499969482422,151.39999389648438,135.60000610351562,149.75,1630607400,113381518
30,149.25,149.35000610351562,143.25,144.0500030517578,1630866600,34811620
31,144.89999389648438,146.85000610351562,138.5500030517578,140.0500030517578,1630953000,30421931
32,141.0,143.60000610351562,139.0500030517578,141.25,1631039400,28133284
33,141.39999389648438,142.89999389648438,140.0,141.60000610351562,1631125800,18970691
34,143.25,144.25,142.0,143.14999389648438,1631471400,17426798
35,145.14999389648438,152.75,136.1999969482422,144.10000610351562,1631557800,112358935
36,142.9499969482422,145.0,140.75,142.64999389648438,1631644200,38892545
37,143.0,144.0,141.5,142.0500030517578,1631730600,17634206
38,142.5500030517578,146.89999389648438,137.14999389648438,137.89999389648438,1631817000,23264091
39,137.6999969482422,140.85000610351562,133.25,134.3000030517578,1632076200,19799941
40,137.1999969482422,138.0,131.0,133.4499969482422,1632162600,19330196
41,135.39999389648438,135.39999389648438,131.3000030517578,132.10000610351562,1632249000,16923375
42,134.5,140.39999389648438,133.0500030517578,137.3000030517578,1632335400,31779169
43,137.5500030517578,139.5,136.0500030517578,136.64999389648438,1632421800,13099391
44,139.85000610351562,144.75,138.0,143.6999969482422,1632681000,26041244
45,143.89999389648438,143.89999389648438,137.64999389648438,139.0,1632767400,13489232
46,138.0,139.5,136.5,138.5,1632853800,10801439
47,139.1999969482422,139.1999969482422,136.14999389648438,136.60000610351562,1632940200,7825751
48,137.3000030517578,140.5,137.0,138.0,1633026600,11940576
49,139.10000610351562,140.0,138.0,139.10000610351562,1633285800,11995299
50,138.75,138.8000030517578,137.14999389648438,137.9499969482422,1633372200,10912142
51,138.75,139.1999969482422,133.6999969482422,134.9499969482422,1633458600,9988184
52,136.75,138.4499969482422,136.0500030517578,137.10000610351562,1633545000,7317664
53,138.0,138.0,135.6999969482422,136.14999389648438,1633631400,6207969
54,137.5,137.5,136.14999389648438,136.85000610351562,1633890600,4395523
55,137.3000030517578,137.75,135.5,136.60000610351562,1633977000,5600652
56,137.25,137.39999389648438,134.35000610351562,135.4499969482422,1634063400,6351349
57,135.89999389648438,137.3000030517578,133.6999969482422,135.0,1634149800,8688177
58,136.0,146.14999389648438,135.89999389648438,144.0500030517578,1634495400,31446800
59,144.89999389648438,145.10000610351562,137.25,138.5500030517578,1634581800,14688308
60,138.5,140.39999389648438,133.85000610351562,137.89999389648438,1634668200,12607297
61,139.75,139.89999389648438,135.8000030517578,138.14999389648438,1634754600,5951873
62,138.9499969482422,142.0,135.8000030517578,137.75,1634841000,11468458
63,138.0,138.9499969482422,131.5500030517578,132.6999969482422,1635100200,13530512
64,133.0,137.35000610351562,133.0,135.4499969482422,1635186600,6445894
65,136.1999969482422,139.25,134.5,134.8000030517578,1635273000,8982174
66,135.35000610351562,136.5,131.5,135.60000610351562,1635359400,11936370
67,135.0,135.0,130.5,131.5500030517578,1635445800,12925877
68,133.60000610351562,134.3000030517578,132.0,132.64999389648438,1635705000,6200243
69,132.6999969482422,133.60000610351562,131.75,132.4499969482422,1635791400,7367792
70,132.89999389648438,132.89999389648438,127.5,128.35000610351562,1635877800,15919925
71,130.0,132.39999389648438,130.0,131.35000610351562,1635964200,4101820
72,132.9499969482422,133.60000610351562,130.60000610351562,131.14999389648438,1636309800,17645794
73,133.0,138.89999389648438,131.64999389648438,137.64999389648438,1636396200,26457361
74,136.5,139.14999389648438,135.0,136.0500030517578,1636482600,16816048
75,142.0,144.0,132.60000610351562,140.89999389648438,1636569000,83582039
76,142.0,155.1999969482422,142.0,153.0,1636655400,140547798
77,149.0,163.3000030517578,142.35000610351562,160.3000030517578,1636914600,121197599
78,161.14999389648438,169.0,153.8000030517578,157.60000610351562,1637001000,109342731
79,155.9499969482422,162.25,154.25,156.5500030517578,1637087400,44505156
80,158.89999389648438,161.85000610351562,152.5,154.6999969482422,1637173800,46802082
81,158.25,158.25,136.8000030517578,149.75,1637519400,79417849
82,150.0,152.0,144.25,148.6999969482422,1637605800,38236588
83,151.10000610351562,156.39999389648438,149.60000610351562,155.5,1637692200,53749976
84,157.0,161.3000030517578,154.0500030517578,159.75,1637778600,48900473
85,158.4499969482422,158.4499969482422,146.25,148.14999389648438,1637865000,35968151
86,148.8000030517578,153.89999389648438,137.5,149.10000610351562,1638124200,43972445
87,149.9499969482422,158.0,145.3000030517578,152.5500030517578,1638210600,258130152
88,153.0,157.89999389648438,149.4499969482422,151.39999389648438,1638297000,32604856
89,151.60000610351562,153.8000030517578,147.8000030517578,150.64999389648438,1638383400,23508261
90,152.10000610351562,152.8000030517578,143.85000610351562,144.89999389648438,1638469800,26452896
91,146.60000610351562,146.85000610351562,135.3000030517578,138.5500030517578,1638729000,33244501
92,141.35000610351562,143.8000030517578,138.64999389648438,139.8000030517578,1638815400,36835410
93,141.0,148.60000610351562,140.25,147.60000610351562,1638901800,37324365
94,148.64999389648438,148.64999389648438,145.3000030517578,146.25,1638988200,18377899
95,144.10000610351562,146.39999389648438,139.75,140.5500030517578,1639074600,27881031
96,142.1999969482422,144.4499969482422,141.89999389648438,142.64999389648438,1639333800,20318225
97,144.6999969482422,144.9499969482422,140.0,140.64999389648438,1639420200,19474412
98,140.5,142.0,140.0,140.60000610351562,1639506600,12791660
99,141.89999389648438,142.85000610351562,137.39999389648438,138.39999389648438,1639593000,17182101
100,138.9499969482422,141.0,132.35000610351562,135.35000610351562,1639679400,95386202
101,135.3000030517578,135.75,124.5999984741211,126.5500030517578,1639938600,36064413
102,128.85000610351562,132.85000610351562,128.60000610351562,131.60000610351562,1640025000,20442777
103,133.0500030517578,139.75,133.0,138.64999389648438,1640111400,19425711
104,140.0500030517578,140.75,132.10000610351562,133.0,1640197800,21934786
105,134.5,134.5,129.60000610351562,131.4499969482422,1640284200,17625584
106,131.35000610351562,133.85000610351562,128.0,132.75,1640543400,13934154
107,133.6999969482422,134.0,131.64999389648438,132.85000610351562,1640629800,11170275
108,132.6999969482422,137.6999969482422,131.5500030517578,137.10000610351562,1640716200,18914246
109,137.0500030517578,137.0500030517578,133.3000030517578,133.9499969482422,1640802600,8369208
110,133.85000610351562,138.39999389648438,133.39999389648438,137.39999389648438,1640889000,11452243
111,139.6999969482422,142.4499969482422,138.3000030517578,141.35000610351562,1641148200,22518241
112,141.35000610351562,141.5500030517578,137.60000610351562,138.35000610351562,1641234600,10705792
113,137.89999389648438,137.89999389648438,133.3000030517578,133.9499969482422,1641321000,15874857
114,133.0,133.14999389648438,129.60000610351562,130.0,1641407400,23780419
115,130.0,131.4499969482422,129.0,129.25,1641493800,22846951
116,130.5,130.89999389648438,129.39999389648438,130.1999969482422,1641753000,11389370
117,131.0,132.5,130.0,131.3000030517578,1641839400,15396652
118,132.10000610351562,132.89999389648438,131.60000610351562,132.25,1641925800,8004430
119,132.5,133.4499969482422,132.35000610351562,133.10000610351562,1642012200,6535224
120,133.10000610351562,134.4499969482422,132.0500030517578,133.60000610351562,1642098600,9443928
121,133.60000610351562,134.5,133.0,134.0,1642357800,7515979
122,134.5,134.60000610351562,132.8000030517578,133.0500030517578,1642444200,9428096
123,131.6999969482422,132.39999389648438,128.25,129.1999969482422,1642530600,27812341
124,127.9499969482422,130.6999969482422,125.0,125.1999969482422,1642617000,23290545
125,125.1500015258789,125.1500015258789,112.5500030517578,113.6500015258789,1642703400,59805922
126,114.0,114.1999969482422,90.9499969482422,91.3499984741211,1642962600,167044739
127,90.9499969482422,100.4499969482422,84.1500015258789,100.4499969482422,1643049000,138336211
128,98.0,98.0,90.4499969482422,90.5,1643221800,106488772
129,93.5999984741211,96.4499969482422,88.80000305175781,89.55000305175781,1643308200,61452438
130,91.3499984741211,92.5,89.6500015258789,90.4000015258789,1643567400,20203799
131,91.75,95.8000030517578,91.0500030517578,94.5500030517578,1643653800,32606751
132,95.75,99.75,94.8000030517578,98.9000015258789,1643740200,18674088
133,98.5,98.5,96.0999984741211,97.0999984741211,1643826600,9769090
134,97.1999969482422,97.8499984741211,93.5999984741211,94.1999969482422,1643913000,15354384
135,95.0999984741211,95.5,93.3499984741211,93.5500030517578,1644172200,10900141
136,94.3499984741211,94.6500015258789,91.25,93.5500030517578,1644258600,9026735
137,94.5,95.4499969482422,93.5999984741211,94.1999969482422,1644345000,7876462
138,94.9000015258789,95.4000015258789,93.0,94.4499969482422,1644431400,13257124
139,92.75,92.75,86.5,88.69999694824219,1644517800,39976783
140,87.0,87.0,80.55000305175781,82.44999694824219,1644777000,35049550
141,83.5,84.6500015258789,75.75,82.69999694824219,1644863400,106216252
142,85.0,87.0,84.25,84.94999694824219,1644949800,33106605
143,86.5,90.0999984741211,85.9000015258789,89.1500015258789,1645036200,29566401
144,88.0999984741211,88.4000015258789,85.19999694824219,85.9000015258789,1645122600,15037123
145,84.19999694824219,84.80000305175781,80.6500015258789,81.55000305175781,1645381800,18853339
146,78.0,80.55000305175781,77.0,79.69999694824219,1645468200,28814770
147,82.0,85.1500015258789,81.19999694824219,84.1500015258789,1645554600,19847603
148,78.6500015258789,81.5,78.0999984741211,78.5,1645641000,22035319
149,82.0,83.4000015258789,78.1500015258789,78.80000305175781,1645727400,22876044
150,79.0,80.94999694824219,76.55000305175781,79.94999694824219,1645986600,41975659
151,80.0,82.0,79.0,79.8499984741211,1646159400,20353225
152,81.5,83.19999694824219,81.19999694824219,82.19999694824219,1646245800,16067224
153,80.5,82.9000015258789,79.5,80.19999694824219,1646332200,15145236
154,79.0,79.6500015258789,78.0,79.0,1646591400,9764606
155,79.25,80.5999984741211,77.5999984741211,78.1500015258789,1646677800,12381953
156,79.44999694824219,80.6500015258789,78.9000015258789,80.3499984741211,1646764200,11887757
157,82.55000305175781,83.94999694824219,81.69999694824219,82.19999694824219,1646850600,13476206
158,82.4000015258789,82.4000015258789,79.5,79.9000015258789,1646937000,18964704
159,80.69999694824219,80.69999694824219,79.0,79.30000305175781,1647196200,7261365
160,79.30000305175781,79.5999984741211,76.0,76.55000305175781,1647282600,18900800
161,80.0,80.0,75.5,75.94999694824219,1647369000,42383305
162,77.19999694824219,82.0,76.80000305175781,80.8499984741211,1647455400,34440238
163,82.0,83.30000305175781,79.25,80.4000015258789,1647801000,28669864
164,80.94999694824219,81.9000015258789,79.30000305175781,81.1500015258789,1647887400,23798591
165,82.0,82.0,80.19999694824219,80.75,1647973800,12522850
166,80.69999694824219,82.3499984741211,80.05000305175781,80.3499984741211,1648060200,12996477
167,81.0,81.8499984741211,80.25,80.5999984741211,1648146600,13585986
168,80.5999984741211,81.0,79.1500015258789,79.6500015258789,1648405800,10034667
169,80.05000305175781,80.5,78.05000305175781,78.19999694824219,1648492200,13466521
170,79.0,86.0,78.5,85.05000305175781,1648578600,41305975
171,88.69999694824219,88.69999694824219,81.75,82.30000305175781,1648665000,34672910
172,82.0999984741211,85.5999984741211,82.05000305175781,84.30000305175781,1648751400,15586812
173,84.4000015258789,87.69999694824219,84.4000015258789,86.25,1649010600,18040882
174,83.0,85.1500015258789,82.3499984741211,83.9000015258789,1649097000,28433443
175,83.75,85.30000305175781,83.1500015258789,84.55000305175781,1649183400,10697018
176,84.80000305175781,85.25,82.25,82.5,1649269800,9709022
177,83.5,85.5,82.75,83.4000015258789,1649356200,14851737
178,83.1500015258789,85.8499984741211,83.0,84.44999694824219,1649615400,17609808
179,84.30000305175781,84.30000305175781,81.0,81.5,1649701800,12913673
180,82.5,88.30000305175781,82.1500015258789,83.9000015258789,1649788200,52988189
181,83.69999694824219,84.4000015258789,82.55000305175781,82.9000015258789,1650220200,14209908
182,83.0999984741211,83.9000015258789,79.44999694824219,80.44999694824219,1650306600,13439870
183,81.5999984741211,82.30000305175781,80.0,80.30000305175781,1650393000,12797463
184,81.0999984741211,81.8499984741211,80.6500015258789,80.80000305175781,1650479400,6780602
185,80.69999694824219,81.80000305175781,80.19999694824219,81.19999694824219,1650565800,7211263
186,80.5,81.5999984741211,78.5999984741211,78.75,1650825000,16717052
187,80.5999984741211,80.9000015258789,78.5999984741211,79.5999984741211,1650911400,9548939
188,79.4000015258789,79.5999984741211,75.5,75.8499984741211,1650997800,23626624
189,77.3499984741211,77.5999984741211,73.5,73.8499984741211,1651084200,21338831
190,74.69999694824219,74.8499984741211,71.0999984741211,71.75,1651170600,24873682
191,71.75,71.9000015258789,68.75,69.5,1651429800,18464589
192,69.75,70.0,63.900001525878906,64.44999694824219,1651602600,43049544
193,65.75,66.6500015258789,60.5,61.150001525878906,1651689000,40296393
194,59.29999923706055,62.29999923706055,57.650001525878906,60.5,1651775400,47189321
195,59.59999847412109,60.400001525878906,55.650001525878906,56.75,1652034600,38279098
196,55.75,56.75,50.04999923706055,52.45000076293945,1652121000,45135581
197,52.0,56.45000076293945,50.29999923706055,54.20000076293945,1652207400,99812774
198,53.79999923706055,53.900001525878906,51.04999923706055,51.95000076293945,1652293800,37338266
199,53.29999923706055,59.20000076293945,52.25,56.84999847412109,1652380200,79292212
200,56.84999847412109,57.70000076293945,54.75,56.400001525878906,1652639400,37036105
201,56.09999847412109,56.70000076293945,55.150001525878906,56.150001525878906,1652725800,21460388
202,56.09999847412109,59.59999847412109,55.84999847412109,58.75,1652812200,57728111
203,56.5,56.84999847412109,54.79999923706055,55.34999847412109,1652898600,31970099
204,56.5,58.75,56.400001525878906,58.04999923706055,1652985000,32411623
205,58.70000076293945,60.5,56.59999847412109,57.04999923706055,1653244200,36830591
206,57.95000076293945,67.5999984741211,57.900001525878906,64.94999694824219,1653330600,193577787
207,65.69999694824219,66.9000015258789,60.650001525878906,62.29999923706055,1653417000,104446924
208,61.0,62.5,59.59999847412109,60.45000076293945,1653503400,46556399
209,63.0,63.0,61.5,62.04999923706055,1653589800,32064280
210,63.25,72.0999984741211,62.59999847412109,71.05000305175781,1653849000,124103679
211,68.5,77.69999694824219,67.4000015258789,74.6500015258789,1653935400,184333915
212,75.4000015258789,79.80000305175781,73.0999984741211,74.69999694824219,1654021800,127949782
213,74.4000015258789,74.4000015258789,71.4000015258789,71.94999694824219,1654108200,47866809
214,73.9000015258789,74.8499984741211,71.19999694824219,72.1500015258789,1654194600,35779760
215,70.0,71.19999694824219,69.19999694824219,69.9000015258789,1654453800,30078469
216,69.69999694824219,69.69999694824219,64.75,65.4000015258789,1654540200,41755337
217,66.0,68.5999984741211,64.0999984741211,67.1500015258789,1654626600,46697875
218,66.19999694824219,69.69999694824219,65.0,68.69999694824219,1654713000,47653877
219,67.30000305175781,69.69999694824219,66.5,69.0,1654799400,42040372
220,67.5,68.30000305175781,65.4000015258789,67.5,1655058600,34863276
221,64.19999694824219,70.75,64.0,70.0,1655145000,66677006
222,70.6500015258789,71.9000015258789,68.94999694824219,70.19999694824219,1655231400,33246369
223,72.0,72.0,66.0999984741211,67.19999694824219,1655317800,41879881
224,65.6500015258789,69.4000015258789,65.30000305175781,67.05000305175781,1655404200,33597224
225,68.0,68.0,64.05000305175781,65.0,1655663400,27409011
226,65.5,67.25,65.3499984741211,66.05000305175781,1655749800,22905677
227,65.94999694824219,68.5999984741211,65.0,67.5999984741211,1655836200,35026600
228,67.05000305175781,70.0,66.5,69.55000305175781,1655922600,33785882
229,71.0,71.8499984741211,69.55000305175781,70.5,1656009000,23948418
230,72.6500015258789,72.69999694824219,65.0,65.8499984741211,1656268200,110751340
231,65.69999694824219,65.69999694824219,59.650001525878906,60.29999923706055,1656354600,120959477
232,58.75,61.45000076293945,56.84999847412109,57.29999923706055,1656441000,96955320
233,57.79999923706055,59.0,53.34999847412109,53.84999847412109,1656527400,106893631
234,54.150001525878906,56.70000076293945,52.54999923706055,56.150001525878906,1656613800,112078641
235,54.5,55.79999923706055,53.29999923706055,54.29999923706055,1656873000,56902459
236,55.400001525878906,55.900001525878906,54.34999847412109,55.45000076293945,1656959400,51276627
237,55.79999923706055,55.79999923706055,53.900001525878906,54.34999847412109,1657045800,32403447
238,54.650001525878906,55.150001525878906,53.75,54.45000076293945,1657132200,35759428
239,55.0,55.29999923706055,54.29999923706055,54.79999923706055,1657218600,21413556
240,54.70000076293945,56.5,54.20000076293945,56.09999847412109,1657477800,21739009
241,55.900001525878906,59.650001525878906,55.5,59.0,1657564200,57986568
242,59.0,61.5,58.0,58.34999847412109,1657650600,73383005
243,58.400001525878906,59.0,55.29999923706055,55.650001525878906,1657737000,43024089
244,56.20000076293945,56.20000076293945,53.34999847412109,53.900001525878906,1657823400,47995067
245,54.70000076293945,55.09999847412109,52.84999847412109,53.59999847412109,1658082600,47689463
246,53.650001525878906,54.400001525878906,53.29999923706055,53.95000076293945,1658169000,35427093
247,54.5,54.5,53.20000076293945,53.400001525878906,1658255400,37683099
248,53.34999847412109,54.45000076293945,52.70000076293945,53.5,1658341800,29402446
249,53.75,54.0,52.900001525878906,53.650001525878906,1658428200,27302087
250,52.5,52.5,46.0,47.59999847412109,1658687400,232841112
251,46.59999847412109,46.650001525878906,41.20000076293945,41.650001525878906,1658773800,412304737
252,40.84999847412109,44.400001525878906,40.59999847412109,43.95000076293945,1658860200,411205172
253,44.900001525878906,46.29999923706055,43.04999923706055,45.70000076293945,1658946600,267544569
254,45.59999847412109,47.20000076293945,44.54999923706055,46.79999923706055,1659033000,177187972
255,46.79999923706055,47.25,45.04999923706055,46.29999923706055,1659292200,135944043
256,50.0,55.54999923706055,48.400001525878906,55.54999923706055,1659378600,528899748
257,52.5,56.900001525878906,51.75,55.45000076293945,1659465000,599688336
258,55.75,58.650001525878906,54.5,57.84999847412109,1659551400,420183405
259,57.900001525878906,59.150001525878906,53.25,54.59999847412109,1659637800,315019033
260,54.70000076293945,56.20000076293945,54.20000076293945,55.45000076293945,1659897000,178185076
261,56.20000076293945,56.54999923706055,54.5,55.95000076293945,1660069800,200699912
262,56.900001525878906,58.150001525878906,56.34999847412109,57.900001525878906,1660156200,130942734
263,58.09999847412109,63.09999847412109,57.900001525878906,61.75,1660242600,351208957
264,62.650001525878906,67.44999694824219,62.5,64.25,1660588200,250686966
265,64.80000305175781,65.5999984741211,61.79999923706055,65.25,1660674600,258066522
266,65.5999984741211,69.25,65.0,67.0999984741211,1660761000,303566868
267,67.4000015258789,68.25,60.150001525878906,61.45000076293945,1660847400,295737752
268,61.0,62.84999847412109,59.25,62.0,1661106600,226773007
269,62.29999923706055,65.25,62.150001525878906,64.44999694824219,1661193000,218585102
270,64.0999984741211,64.19999694824219,61.70000076293945,62.20000076293945,1661279400,116401002
271,62.79999923706055,63.20000076293945,61.650001525878906,62.09999847412109,1661365800,81137105
272,62.400001525878906,62.70000076293945,60.54999923706055,61.84999847412109,1661452200,87939030
273,59.70000076293945,60.54999923706055,58.34999847412109,59.20000076293945,1661711400,98493347
274,60.20000076293945,61.25,57.29999923706055,57.95000076293945,1661797800,162054037
275,58.70000076293945,63.150001525878906,58.25,62.45000076293945,1661970600,192477817
276,63.400001525878906,63.400001525878906,59.400001525878906,59.75,1662057000,137946710
277,60.45000076293945,60.79999923706055,59.29999923706055,59.650001525878906,1662316200,84539046
278,60.29999923706055,60.79999923706055,59.400001525878906,59.70000076293945,1662402600,70186636
279,59.650001525878906,60.400001525878906,59.20000076293945,59.5,1662489000,59843737
280,60.34999847412109,62.5,59.79999923706055,61.34999847412109,1662575400,128430049
281,62.0,63.650001525878906,62.0,62.79999923706055,1662661800,139369425
282,63.0,63.20000076293945,62.25,62.54999923706055,1662921000,64044347
283,63.0,66.5999984741211,62.79999923706055,65.44999694824219,1663007400,199032705
284,64.05000305175781,65.1500015258789,62.75,63.29999923706055,1663093800,119824317
285,64.0,64.9000015258789,63.29999923706055,64.5999984741211,1663180200,88185944
286,64.4000015258789,65.0,61.09999847412109,63.20000076293945,1663266600,196537446
287,64.19999694824219,65.44999694824219,63.45000076293945,63.95000076293945,1663525800,70453100
288,64.9000015258789,65.69999694824219,62.400001525878906,62.84999847412109,1663612200,77904810
289,63.29999923706055,63.95000076293945,62.400001525878906,63.45000076293945,1663698600,59131994
290,62.900001525878906,63.75,62.59999847412109,63.29999923706055,1663785000,34716572
291,63.0,63.34999847412109,60.400001525878906,60.79999923706055,1663871400,56730282
292,60.0,60.650001525878906,57.400001525878906,57.79999923706055,1664130600,65832873
293,58.150001525878906,59.75,56.95000076293945,58.84999847412109,1664217000,79641870
294,57.79999923706055,59.25,57.5,58.04999923706055,1664303400,64334024
295,59.20000076293945,62.0,58.900001525878906,61.20000076293945,1664389800,76969699
296,61.5,62.84999847412109,59.75,62.34999847412109,1664476200,71494895
297,62.0,63.09999847412109,61.20000076293945,61.900001525878906,1664735400,44528871
298,63.09999847412109,64.44999694824219,63.0,64.05000305175781,1664821800,47077008
299,64.4000015258789,66.1500015258789,64.25,65.55000305175781,1664994600,59866072
300,65.1500015258789,70.19999694824219,64.5999984741211,69.55000305175781,1665081000,170879536
301,68.4000015258789,69.69999694824219,67.5,68.69999694824219,1665340200,87158481
302,68.4000015258789,69.19999694824219,65.0,65.55000305175781,1665426600,70171064
303,65.6500015258789,66.44999694824219,63.04999923706055,63.75,1665513000,67799710
304,64.0999984741211,64.6500015258789,61.0,61.25,1665599400,73750800
305,63.0,64.1500015258789,61.59999847412109,61.900001525878906,1665685800,85139332
306,61.900001525878906,63.25,61.150001525878906,62.650001525878906,1665945000,56007734
307,63.650001525878906,64.4000015258789,62.75,63.0,1666031400,49431277
308,63.400001525878906,63.70000076293945,61.5,62.04999923706055,1666117800,52638798
309,61.70000076293945,62.0,60.84999847412109,61.29999923706055,1666204200,57513138
310,61.79999923706055,63.20000076293945,61.29999923706055,61.79999923706055,1666290600,65825881
311,62.900001525878906,62.95000076293945,62.04999923706055,62.34999847412109,1666549800,7775480
312,62.70000076293945,64.9000015258789,62.400001525878906,64.5999984741211,1666636200,81043498
313,64.0999984741211,65.6500015258789,63.5,65.0999984741211,1666809000,64853360
314,65.25,65.69999694824219,62.29999923706055,62.59999847412109,1666895400,56787309
315,63.59999847412109,63.84999847412109,62.09999847412109,63.09999847412109,1667154600,45949861
316,63.5,63.75,62.70000076293945,63.5,1667241000,50425928
317,63.75,64.69999694824219,62.70000076293945,63.0,1667327400,52915032
318,62.79999923706055,62.79999923706055,62.0,62.20000076293945,1667413800,31729457
319,62.75,63.650001525878906,62.45000076293945,63.0,1667500200,35296904
320,63.84999847412109,65.44999694824219,63.25,65.0999984741211,1667759400,56815391
321,65.44999694824219,67.5,65.0,65.30000305175781,1667932200,87424592
322,65.5,65.94999694824219,63.150001525878906,63.95000076293945,1668018600,44332611
323,66.0,73.55000305175781,65.5,72.80000305175781,1668105000,397758848
324,74.30000305175781,75.44999694824219,69.05000305175781,69.5999984741211,1668364200,186727024
325,69.5999984741211,71.1500015258789,69.0999984741211,69.94999694824219,1668450600,68397103
326,69.94999694824219,70.5,67.69999694824219,68.69999694824219,1668537000,75425523
327,68.4000015258789,69.80000305175781,67.5,67.69999694824219,1668623400,60115704
328,68.1500015258789,69.3499984741211,66.9000015258789,67.1500015258789,1668709800,62855692
329,66.4000015258789,66.4000015258789,63.79999923706055,64.30000305175781,1668969000,85998316
330,64.9000015258789,64.9000015258789,63.29999923706055,63.95000076293945,1669055400,50715391
331,63.5,64.30000305175781,61.400001525878906,61.75,1669141800,69815602
332,62.29999923706055,64.0999984741211,62.04999923706055,63.20000076293945,1669228200,90679986
333,64.0,64.9000015258789,63.04999923706055,64.0,1669314600,74237526
334,64.25,65.30000305175781,63.79999923706055,64.4000015258789,1669573800,53453545
335,64.4000015258789,64.9000015258789,63.0,63.54999923706055,1669660200,32230342
336,63.0,66.80000305175781,61.900001525878906,65.25,1669746600,549718630
337,66.5,67.1500015258789,65.4000015258789,66.6500015258789,1669833000,83610566
338,66.75,68.9000015258789,66.5,68.55000305175781,1669919400,96262543
339,68.8499984741211,69.0,65.0,65.44999694824219,1670178600,85107187
340,64.75,65.44999694824219,64.44999694824219,64.80000305175781,1670265000,40042683
341,65.0999984741211,65.4000015258789,64.0999984741211,64.44999694824219,1670351400,29775697
342,64.80000305175781,64.80000305175781,63.650001525878906,63.79999923706055,1670437800,35341241
343,64.19999694824219,64.8499984741211,63.900001525878906,64.1500015258789,1670524200,36490408
344,64.1500015258789,64.75,63.59999847412109,64.4000015258789,1670783400,20602398
345,64.80000305175781,65.19999694824219,64.3499984741211,64.5999984741211,1670869800,21917723
346,64.8499984741211,65.44999694824219,64.5999984741211,65.0,1670956200,24599687
347,64.94999694824219,65.25,63.79999923706055,64.1500015258789,1671042600,19011713
348,63.75,64.0,61.84999847412109,62.150001525878906,1671129000,48220919
349,62.400001525878906,62.79999923706055,62.0,62.150001525878906,1671388200,21470297
350,62.09999847412109,63.20000076293945,61.900001525878906,62.84999847412109,1671474600,32487667
351,63.20000076293945,63.5,60.84999847412109,61.34999847412109,1671561000,39979212
352,61.79999923706055,62.04999923706055,58.54999923706055,58.95000076293945,1671647400,53936114
353,58.29999923706055,58.34999847412109,53.20000076293945,53.650001525878906,1671733800,93022114
354,53.95000076293945,59.75,53.45000076293945,58.150001525878906,1671993000,83571451
355,59.400001525878906,60.59999847412109,58.5,58.95000076293945,1672079400,54205000
356,58.5,60.79999923706055,57.84999847412109,60.150001525878906,1672165800,70502428
357,59.5,61.54999923706055,59.0,60.84999847412109,1672252200,24973807
358,61.0,61.45000076293945,59.0,59.29999923706055,1672338600,33251260
359,60.650001525878906,60.70000076293945,59.79999923706055,60.29999923706055,1672597800,18759536
360,58.84999847412109,59.54999923706055,57.29999923706055,58.95000076293945,1672684200,49702768
361,58.400001525878906,58.70000076293945,56.0,56.34999847412109,1672770600,48975781
362,56.95000076293945,57.09999847412109,55.59999847412109,56.20000076293945,1672857000,34448671
363,56.20000076293945,56.400001525878906,54.95000076293945,55.25,1672943400,30272416
364,56.0,57.25,55.75,56.0,1673202600,35490334
365,56.0,56.150001525878906,53.79999923706055,54.70000076293945,1673289000,45966335
366,55.0,56.150001525878906,54.09999847412109,54.34999847412109,1673375400,32626665
367,54.70000076293945,55.0,52.95000076293945,53.75,1673461800,38856261
368,54.09999847412109,54.5,53.04999923706055,53.25,1673548200,38735350
369,54.0,54.29999923706055,52.5,52.70000076293945,1673807400,35892303
370,53.0,53.09999847412109,50.0,50.150001525878906,1673893800,77122987
371,50.400001525878906,51.45000076293945,48.84999847412109,51.0,1673980200,84541855
372,50.29999923706055,51.900001525878906,50.04999923706055,51.09999847412109,1674066600,54523340
373,51.400001525878906,52.25,50.54999923706055,51.45000076293945,1674153000,47355757
374,51.900001525878906,51.900001525878906,50.650001525878906,51.0,1674412200,24658884
375,51.0,52.29999923706055,50.650001525878906,52.09999847412109,1674498600,47720352
376,52.0,52.04999923706055,44.34999847412109,47.75,1674585000,237764175
377,49.0,51.79999923706055,46.70000076293945,46.95000076293945,1674757800,169788452
378,47.900001525878906,48.54999923706055,46.70000076293945,47.400001525878906,1675017000,54376637
379,48.0,50.70000076293945,46.45000076293945,49.75,1675103400,95398497
380,50.0,51.04999923706055,47.04999923706055,48.150001525878906,1675189800,68752685
381,48.400001525878906,48.900001525878906,47.150001525878906,47.5,1675276200,40751688
382,48.150001525878906,49.25,47.70000076293945,48.75,1675362600,42497841
383,48.70000076293945,49.09999847412109,47.54999923706055,47.75,1675621800,35956956
384,48.0,51.0,47.59999847412109,49.34999847412109,1675708200,61077398
385,51.20000076293945,55.29999923706055,51.09999847412109,54.29999923706055,1675794600,265595807
386,54.70000076293945,56.79999923706055,53.400001525878906,54.400001525878906,1675881000,216398621
387,52.70000076293945,54.150001525878906,50.70000076293945,53.29999923706055,1675967400,176950201
388,53.0,53.70000076293945,51.25,51.79999923706055,1676226600,86162276
389,51.79999923706055,52.5,49.900001525878906,50.34999847412109,1676313000,79395202
390,50.54999923706055,50.900001525878906,49.79999923706055,50.25,1676399400,49655881
391,50.79999923706055,51.79999923706055,50.45000076293945,51.400001525878906,1676485800,48841966
392,51.25,52.20000076293945,50.70000076293945,51.79999923706055,1676572200,52862406
393,51.900001525878906,55.04999923706055,51.75,54.59999847412109,1676831400,93315254
394,54.59999847412109,56.150001525878906,54.400001525878906,55.34999847412109,1676917800,100106053
395,54.84999847412109,55.400001525878906,52.59999847412109,52.95000076293945,1677004200,75802021
396,53.0,56.0,52.79999923706055,54.95000076293945,1677090600,118058937
397,55.5,56.75,54.0,54.45000076293945,1677177000,73440699
398,54.70000076293945,54.75,53.20000076293945,53.59999847412109,1677436200,38735556
399,53.70000076293945,54.400001525878906,53.0,53.5,1677522600,45414869
400,53.5,55.34999847412109,53.34999847412109,54.95000076293945,1677609000,42854827
401,54.75,55.20000076293945,54.34999847412109,54.54999923706055,1677695400,36256148
402,54.900001525878906,55.400001525878906,53.20000076293945,53.650001525878906,1677781800,36943821
403,54.0,54.95000076293945,53.70000076293945,53.95000076293945,1678041000,33492583
404,53.45000076293945,55.29999923706055,52.650001525878906,54.79999923706055,1678213800,44159725
405,55.09999847412109,56.34999847412109,53.900001525878906,54.04999923706055,1678300200,56021946
406,53.79999923706055,54.5,53.29999923706055,53.84999847412109,1678386600,39226931
407,53.95000076293945,54.70000076293945,51.59999847412109,51.900001525878906,1678645800,52374659
408,52.0,52.5,50.20000076293945,50.75,1678732200,52247904
409,51.5,52.20000076293945,50.54999923706055,50.75,1678818600,38763143
410,50.900001525878906,53.70000076293945,49.84999847412109,53.04999923706055,1678905000,61237058
411,53.45000076293945,55.75,53.04999923706055,54.900001525878906,1678991400,112918857
412,53.59999847412109,54.75,52.20000076293945,53.54999923706055,1679250600,65578919
413,53.84999847412109,54.150001525878906,52.650001525878906,53.0,1679337000,31632951
414,53.400001525878906,53.900001525878906,52.70000076293945,53.09999847412109,1679423400,38444991
415,52.900001525878906,53.20000076293945,52.09999847412109,52.650001525878906,1679509800,32816290
416,52.5,52.84999847412109,50.150001525878906,50.650001525878906,1679596200,67243087
417,50.70000076293945,51.29999923706055,49.25,50.09999847412109,1679855400,49618132
418,50.20000076293945,50.54999923706055,49.0,50.25,1679941800,50426174
419,50.25,51.75,49.59999847412109,51.25,1680028200,41464387
420,51.25,51.70000076293945,50.650001525878906,51.0,1680201000,56566133
421,51.5,52.150001525878906,50.900001525878906,51.95000076293945,1680460200,29241512
422,52.09999847412109,52.900001525878906,51.54999923706055,51.70000076293945,1680633000,25497115
423,51.75,52.45000076293945,51.29999923706055,52.150001525878906,1680719400,19695678
424,52.150001525878906,54.20000076293945,51.79999923706055,53.95000076293945,1681065000,60655412
425,54.650001525878906,55.25,53.25,53.95000076293945,1681151400,41101417
426,54.25,54.25,52.900001525878906,53.20000076293945,1681237800,30848068
427,53.20000076293945,54.150001525878906,52.84999847412109,53.84999847412109,1681324200,26646279
428,54.20000076293945,54.25,53.0,53.95000076293945,1681669800,24787918
429,54.04999923706055,54.20000076293945,53.04999923706055,53.29999923706055,1681756200,27617603
430,53.59999847412109,55.95000076293945,53.20000076293945,54.150001525878906,1681842600,62022927
431,54.150001525878906,54.400001525878906,53.650001525878906,54.20000076293945,1681929000,23096046
432,54.29999923706055,56.75,54.09999847412109,56.04999923706055,1682015400,106707937
433,55.5,56.400001525878906,54.70000076293945,56.0,1682274600,43287483
434,56.400001525878906,60.59999847412109,56.20000076293945,57.75,1682361000,199056106
435,58.09999847412109,59.0,57.09999847412109,58.20000076293945,1682447400,59765915
436,58.59999847412109,61.150001525878906,58.34999847412109,60.70000076293945,1682533800,82969101
437,60.79999923706055,66.0,59.54999923706055,64.9000015258789,1682620200,190938290
438,64.5,65.6500015258789,63.04999923706055,63.45000076293945,1682965800,112758256
439,63.45000076293945,64.94999694824219,63.150001525878906,63.54999923706055,1683052200,65082316
440,63.5,66.5999984741211,63.34999847412109,65.69999694824219,1683138600,123042355
441,65.5,66.69999694824219,64.25,65.4000015258789,1683225000,94016138
442,64.5999984741211,66.19999694824219,63.5,64.9000015258789,1683484200,104940671
443,64.69999694824219,64.69999694824219,60.29999923706055,60.95000076293945,1683570600,127854883
444,61.0,62.900001525878906,60.95000076293945,61.79999923706055,1683657000,70220898
445,62.59999847412109,63.5,62.0,62.400001525878906,1683743400,75062855
446,62.5,63.650001525878906,61.59999847412109,62.59999847412109,1683829800,73164520
447,62.09999847412109,64.0999984741211,61.95000076293945,63.70000076293945,1684089000,55886001
448,64.0,65.0,62.400001525878906,63.0,1684175400,59311532
449,63.0,64.05000305175781,62.25,63.34999847412109,1684261800,47444527
450,64.19999694824219,64.5999984741211,63.09999847412109,63.5,1684348200,54301847
451,63.95000076293945,65.0,63.20000076293945,64.5,1684434600,73620039
452,64.69999694824219,66.8499984741211,61.79999923706055,63.5,1684693800,147006670
453,63.04999923706055,64.0,62.54999923706055,63.20000076293945,1684780200,50797759
454,63.0,64.69999694824219,62.75,64.44999694824219,1684866600,60476729
455,64.80000305175781,68.19999694824219,64.5,67.30000305175781,1684953000,139721311
456,67.30000305175781,68.25,65.75,67.25,1685039400,86466135
457,67.80000305175781,68.4000015258789,66.5999984741211,67.0999984741211,1685298600,56968141
458,67.5,68.30000305175781,66.44999694824219,66.8499984741211,1685385000,60699589
459,67.30000305175781,70.0,66.30000305175781,69.05000305175781,1685471400,251813391
460,68.69999694824219,68.80000305175781,67.5999984741211,67.94999694824219,1685557800,57846081
461,70.0,73.19999694824219,69.5,71.1500015258789,1685644200,170769117
462,71.30000305175781,72.1500015258789,69.5999984741211,71.25,1685903400,84075166
463,71.55000305175781,73.1500015258789,71.3499984741211,72.3499984741211,1685989800,64762959
464,72.5,75.0,72.4000015258789,74.5,1686076200,67871844
465,74.80000305175781,76.3499984741211,73.69999694824219,75.80000305175781,1686162600,88006842
466,77.05000305175781,78.0,75.8499984741211,77.5999984741211,1686249000,77276802
467,78.30000305175781,80.30000305175781,76.5,77.94999694824219,1686508200,105388190
468,77.9000015258789,78.80000305175781,76.69999694824219,78.30000305175781,1686594600,81857154
469,78.30000305175781,78.44999694824219,73.25,74.0999984741211,1686681000,83186945
470,74.5,76.0999984741211,73.0999984741211,75.0999984741211,1686767400,93321136
471,75.55000305175781,76.0,73.9000015258789,74.44999694824219,1686853800,45783616
472,74.5999984741211,77.0,74.0999984741211,75.8499984741211,1687113000,62744981
473,76.0,76.4000015258789,74.80000305175781,75.8499984741211,1687199400,30591595
474,76.0999984741211,77.3499984741211,74.6500015258789,75.0999984741211,1687285800,31896510
475,75.5,75.8499984741211,73.6500015258789,74.3499984741211,1687372200,40419764
476,73.9000015258789,75.30000305175781,72.55000305175781,74.1500015258789,1687458600,51775728
477,74.1500015258789,75.25,73.80000305175781,74.8499984741211,1687717800,30411621
478,75.1500015258789,76.94999694824219,74.8499984741211,76.1500015258789,1687804200,59078137
479,77.0,77.0,74.5999984741211,74.9000015258789,1687890600,30574521
480,75.0,75.44999694824219,74.0,75.05000305175781,1688063400,49245376
481,75.44999694824219,77.25,74.55000305175781,75.6500015258789,1688322600,49243205
482,75.80000305175781,76.19999694824219,74.5,74.80000305175781,1688409000,24150257
483,74.8499984741211,75.0999984741211,73.69999694824219,74.05000305175781,1688495400,25459694
484,74.44999694824219,75.25,74.30000305175781,74.75,1688581800,24467816
485,74.80000305175781,74.9000015258789,73.0,73.25,1688668200,26599778
486,73.44999694824219,75.55000305175781,73.4000015258789,74.80000305175781,1688927400,33812208
487,75.05000305175781,77.0,74.9000015258789,76.80000305175781,1689013800,42946892
488,77.5,78.80000305175781,77.1500015258789,77.5,1689100200,64212629
489,77.8499984741211,84.5,77.6500015258789,82.19999694824219,1689186600,192605002
490,84.0,85.25,81.6500015258789,82.55000305175781,1689273000,91571303
491,83.19999694824219,83.4000015258789,79.5,80.1500015258789,1689532200,43377345
492,80.6500015258789,80.6500015258789,76.5,78.69999694824219,1689618600,71215775
493,79.0,80.3499984741211,77.25,77.6500015258789,1689705000,42130927
494,78.05000305175781,79.0999984741211,77.30000305175781,77.5999984741211,1689791400,40495235
495,77.8499984741211,80.69999694824219,77.4000015258789,80.30000305175781,1689877800,74991213
496,80.80000305175781,82.44999694824219,80.55000305175781,81.30000305175781,1690137000,64291285
497,81.30000305175781,83.19999694824219,79.30000305175781,82.6500015258789,1690223400,72459586
498,83.0999984741211,84.5999984741211,82.5,83.3499984741211,1690309800,59291226
499,83.3499984741211,86.0999984741211,82.80000305175781,84.94999694824219,1690396200,77249384
500,85.5999984741211,87.25,83.8499984741211,86.80000305175781,1690482600,74798625
501,87.0,87.1500015258789,83.69999694824219,84.0999984741211,1690741800,49093355
502,84.5999984741211,85.69999694824219,84.19999694824219,84.75,1690828200,34950470
503,84.44999694824219,85.94999694824219,82.6500015258789,85.05000305175781,1690914600,54844625
504,81.5999984741211,88.4000015258789,81.5999984741211,86.55000305175781,1691001000,123480816
505,89.0,98.4000015258789,88.4000015258789,95.4000015258789,1691087400,405751648
506,97.4000015258789,102.8499984741211,96.3499984741211,97.5999984741211,1691346600,249331637
507,98.3499984741211,100.3000030517578,92.6999969482422,93.4499969482422,1691433000,160236123
508,93.9000015258789,94.8499984741211,91.5999984741211,94.0999984741211,1691519400,109240947
509,94.0999984741211,96.1500015258789,93.25,94.25,1691605800,87598556
510,94.5999984741211,95.1999969482422,93.0500030517578,93.4499969482422,1691692200,38156809
511,93.4000015258789,93.4000015258789,91.3499984741211,92.75,1691951400,46668447
512,92.4499969482422,95.5999984741211,91.5,91.9000015258789,1692124200,76333138
513,92.3000030517578,93.25,90.5,91.1500015258789,1692210600,45657095
514,91.0,91.4000015258789,89.0,89.3499984741211,1692297000,50513070
515,90.5,90.5,88.30000305175781,89.75,1692556200,36755760
516,90.3000030517578,94.3000030517578,90.0999984741211,91.9000015258789,1692642600,104409241
517,92.9499969482422,95.0,92.0500030517578,94.3000030517578,1692729000,64768237
518,95.75,95.75,93.1999969482422,93.8000030517578,1692815400,47597101
519,93.3499984741211,93.3499984741211,90.05000305175781,91.0,1692901800,65076321
520,96.0,96.0999984741211,91.75,92.3499984741211,1693161000,141118441
521,92.75,95.0,92.5999984741211,94.6999969482422,1693247400,86708316
522,99.5,100.5,97.1999969482422,99.8000030517578,1693333800,250111714
523,100.0500030517578,100.8000030517578,96.6999969482422,97.5999984741211,1693420200,113063640
524,98.3000030517578,98.3499984741211,96.8499984741211,97.1999969482422,1693506600,47561928
525,97.5,98.5999984741211,97.3000030517578,98.0500030517578,1693765800,37447917
526,98.1500015258789,99.3000030517578,97.0500030517578,98.1999969482422,1693852200,51133944
527,98.4000015258789,98.8499984741211,97.6500015258789,98.1999969482422,1693938600,28329667
528,98.6500015258789,101.5999984741211,98.1999969482422,100.0500030517578,1694025000,111222776
529,100.75,101.0999984741211,99.0,99.5999984741211,1694111400,63482366
530,100.0,102.5500030517578,99.1999969482422,101.3499984741211,1694370600,83850675
531,102.4000015258789,102.5,96.5,98.75,1694457000,90911794
532,98.75,100.75,97.0,97.9000015258789,1694543400,71661116
533,98.6500015258789,100.0999984741211,98.1999969482422,99.4499969482422,1694629800,45226055
534,100.5,104.4499969482422,100.3499984741211,102.9499969482422,1694716200,148853172
535,103.5999984741211,105.0,101.6500015258789,102.1500015258789,1694975400,69476642
536,101.3000030517578,104.9000015258789,99.3000030517578,100.0,1695148200,104115507
537,100.0,100.9499969482422,98.25,99.1500015258789,1695234600,40591612
538,99.5,101.4000015258789,98.6999969482422,99.9000015258789,1695321000,39492725
539,100.3000030517578,100.5,97.75,98.4499969482422,1695580200,34410972
540,98.5999984741211,100.4000015258789,97.9000015258789,99.9000015258789,1695666600,36822528
541,99.9000015258789,101.1999969482422,98.5,100.0999984741211,1695753000,34894254
542,100.3499984741211,100.5999984741211,99.3000030517578,99.9499969482422,1695839400,25885383
543,100.0500030517578,102.75,99.5999984741211,101.5,1695925800,49524816
544,101.0,105.9000015258789,100.0,105.3000030517578,1696271400,82983688
545,104.4000015258789,104.4000015258789,100.3499984741211,100.75,1696357800,68727969
546,102.5999984741211,107.6999969482422,102.3499984741211,105.4000015258789,1696444200,140096809
547,106.4000015258789,107.1999969482422,104.0,104.4499969482422,1696530600,65041435
548,103.8000030517578,105.25,101.0,103.9000015258789,1696789800,53811658
549,104.9000015258789,107.9499969482422,104.6500015258789,106.0500030517578,1696876200,67712329
550,106.8000030517578,109.8000030517578,106.5500030517578,109.0,1696962600,93838782
551,110.1999969482422,113.25,109.5,109.8499984741211,1697049000,117710894
552,109.8499984741211,111.8000030517578,109.0999984741211,111.0,1697135400,55786063
553,111.9000015258789,112.75,110.8499984741211,111.5,1697394600,47455521
554,112.5,114.1999969482422,111.5,113.8499984741211,1697481000,55351894
555,114.5,115.0999984741211,109.5,113.1999969482422,1697567400,100553806
556,112.0,113.1500015258789,110.6500015258789,111.6500015258789,1697653800,43517012
557,114.0,114.5,112.1500015258789,113.3499984741211,1697740200,64427436
558,113.8000030517578,113.9000015258789,106.8000030517578,108.9000015258789,1697999400,70944550
559,105.6500015258789,109.5,105.5500030517578,108.25,1698172200,59685089
560,107.5,108.0,101.25,106.4499969482422,1698258600,108605538
561,107.3499984741211,109.25,105.0500030517578,105.6500015258789,1698345000,43738547
562,106.1999969482422,108.5999984741211,105.6999969482422,107.6999969482422,1698604200,48282252
563,107.8499984741211,108.1500015258789,104.25,105.0999984741211,1698690600,49382539
564,105.5999984741211,107.1500015258789,103.25,103.6999969482422,1698777000,47911258
565,105.0,108.0,104.9000015258789,107.5500030517578,1698863400,47086204
566,108.8000030517578,119.9000015258789,108.6999969482422,116.5,1698949800,238833377
567,119.5999984741211,123.9000015258789,118.25,123.3000030517578,1699209000,186288904
568,123.5500030517578,126.3499984741211,120.5,121.3000030517578,1699295400,120886007
569,122.0,125.6999969482422,121.3000030517578,125.1500015258789,1699381800,75041688
570,125.25,125.5500030517578,121.3499984741211,121.8499984741211,1699468200,50307832
571,122.0,123.3000030517578,120.6999969482422,121.3000030517578,1699554600,43388163
572,122.6500015258789,123.0999984741211,121.5,122.1999969482422,1699813800,28348143
573,123.3000030517578,125.1999969482422,119.75,120.25,1699986600,60088818
574,120.9000015258789,122.5500030517578,120.6999969482422,121.8499984741211,1700073000,36895083
575,122.0,125.0,121.5,122.1999969482422,1700159400,43882213
576,122.8499984741211,123.4000015258789,117.3499984741211,118.1500015258789,1700418600,52784478
577,118.5500030517578,119.0,116.0500030517578,116.5,1700505000,45193553
578,116.0,117.8000030517578,114.3499984741211,115.3000030517578,1700591400,52799865
579,113.5999984741211,115.75,112.5,112.9499969482422,1700677800,56329090
580,114.1500015258789,116.0,112.9000015258789,113.25,1700764200,49980086
581,114.9000015258789,116.9000015258789,113.5,113.8000030517578,1701109800,61963724
582,117.0,119.1999969482422,114.0,116.5999984741211,1701196200,115274058
583,118.8000030517578,120.6999969482422,116.1500015258789,118.5500030517578,1701282600,225208168
584,118.0,118.3499984741211,115.0999984741211,116.3000030517578,1701369000,57261076
585,118.75,119.0,116.25,117.4000015258789,1701628200,66057180
586,117.9000015258789,118.25,116.25,116.75,1701714600,57483305
587,117.1500015258789,119.6999969482422,116.5999984741211,118.9000015258789,1701801000,48171753
588,119.5999984741211,122.1999969482422,118.4000015258789,121.6999969482422,1701887400,52483562
589,123.0,123.9000015258789,119.3000030517578,119.9499969482422,1701973800,44213196
590,119.9499969482422,120.5,117.5500030517578,118.4499969482422,1702233000,32372287
591,119.0,119.3000030517578,114.1500015258789,116.75,1702319400,40800538
592,116.9000015258789,120.5,116.1500015258789,120.0,1702405800,48092329
593,121.0,124.9499969482422,120.5,124.1500015258789,1702492200,74178495
594,124.5,125.0,122.4000015258789,123.5999984741211,1702578600,39542770
595,123.4000015258789,129.1999969482422,121.5500030517578,128.5500030517578,1702837800,89553155
596,129.0,131.75,127.4000015258789,130.25,1702924200,64117314
597,130.35000610351562,131.0,123.1500015258789,124.75,1703010600,49006056
598,122.1500015258789,128.6999969482422,120.1999969482422,127.3499984741211,1703097000,52326124
599,130.5500030517578,131.0,125.3000030517578,128.5,1703183400,63113800
600,128.5,128.6999969482422,124.3000030517578,125.0,1703529000,25499782
601,125.6999969482422,127.5999984741211,125.5500030517578,127.0500030517578,1703615400,21757560
602,124.9000015258789,125.5,120.5999984741211,123.1999969482422,1703701800,72865479
603,124.0,125.5500030517578,123.25,123.6999969482422,1703788200,27512604
604,124.4499969482422,125.5999984741211,122.8499984741211,124.5,1704047400,24228685
605,127.0,129.4499969482422,125.5,128.6999969482422,1704133800,69395959
606,128.8000030517578,130.25,127.0999984741211,127.5500030517578,1704220200,39101172
607,128.39999389648438,130.89999389648438,126.4499969482422,129.75,1704306600,45285624
608,130.89999389648438,134.35000610351562,128.9499969482422,133.3000030517578,1704393000,55608923
609,133.64999389648438,133.64999389648438,130.0,132.85000610351562,1704652200,38912423
610,133.1999969482422,135.0,132.60000610351562,134.3000030517578,1704738600,33803263
611,134.25,136.14999389648438,132.25,134.64999389648438,1704825000,29917881
612,135.3000030517578,139.0,135.0500030517578,138.35000610351562,1704911400,41809415
613,140.0,141.5,136.8000030517578,139.5500030517578,1704997800,45508277
614,139.5500030517578,139.5500030517578,139.5500030517578,139.5500030517578,1705257000,0
615,135.0,135.3000030517578,131.0,133.5500030517578,1705343400,47043428
616,132.39999389648438,132.39999389648438,126.75,127.4000015258789,1705429800,76780526
617,128.0500030517578,129.8000030517578,121.5999984741211,129.4499969482422,1705516200,111946831
618,130.5,135.5,128.0,135.0500030517578,1705602600,81155018
619,136.3000030517578,137.3000030517578,127.0,130.10000610351562,1705948200,72520625
620,131.4499969482422,136.89999389648438,129.8000030517578,136.1999969482422,1706034600,54612769
621,135.89999389648438,138.1999969482422,132.8000030517578,136.14999389648438,1706121000,60682540
622,136.89999389648438,137.6999969482422,132.35000610351562,135.5500030517578,1706466600,55871017
623,135.85000610351562,138.8000030517578,134.64999389648438,137.1999969482422,1706553000,57612020
624,140.0,142.0,138.0,139.5500030517578,1706639400,89833027
625,141.0,143.5,138.5500030517578,140.5500030517578,1706725800,70252449
626,141.8000030517578,145.0,141.4499969482422,143.8000030517578,1706812200,78666454
627,145.0,145.39999389648438,138.25,140.25,1707071400,54189688
628,140.39999389648438,141.8000030517578,138.0500030517578,139.9499969482422,1707157800,46782951
629,141.0,142.89999389648438,139.64999389648438,140.39999389648438,1707244200,75083259
630,142.5,147.5,139.0,144.10000610351562,1707330600,184839649
631,146.89999389648438,151.39999389648438,142.25,149.4499969482422,1707417000,257918995
632,151.0,158.8000030517578,149.5,153.8000030517578,1707676200,155848102
633,154.35000610351562,157.89999389648438,149.0,154.75,1707762600,79935680
634,152.9499969482422,153.75,150.10000610351562,152.25,1707849000,38221083
635,157.0,159.1999969482422,154.0,154.85000610351562,1707935400,77367585
636,156.89999389648438,160.0,155.35000610351562,156.6999969482422,1708021800,61209337
637,157.4499969482422,160.4499969482422,155.60000610351562,157.5,1708281000,60218202
638,159.6999969482422,163.8000030517578,158.6999969482422,161.0500030517578,1708367400,85356675
639,162.3000030517578,167.8000030517578,157.60000610351562,158.64999389648438,1708453800,91140945
640,159.5500030517578,163.0,156.60000610351562,162.10000610351562,1708540200,67614848
641,162.39999389648438,164.8000030517578,160.8000030517578,164.0500030517578,1708626600,37200710
642,165.1999969482422,168.5,163.14999389648438,164.1999969482422,1708885800,33433566
643,163.75,163.85000610351562,158.0,161.3000030517578,1708972200,29921497
644,161.89999389648438,161.9499969482422,155.35000610351562,159.35000610351562,1709058600,41883110
645,156.4499969482422,168.85000610351562,155.4499969482422,165.4499969482422,1709145000,175785440
646,168.0,173.5,165.60000610351562,166.5,1709231400,42587331
647,168.0,175.60000610351562,168.0,169.8000030517578,1709490600,55751426
648,170.75,171.5,164.0500030517578,165.85000610351562,1709577000,29313864
649,164.39999389648438,164.39999389648438,157.5,161.5500030517578,1709663400,95621548
650,161.75,163.4499969482422,158.64999389648438,160.0,1709749800,43685238
651,161.0,163.1999969482422,149.0,154.85000610351562,1710095400,51519591
652,156.60000610351562,157.89999389648438,152.14999389648438,156.89999389648438,1710181800,31159766
653,157.4499969482422,158.25,147.5,148.64999389648438,1710268200,53202095
654,147.10000610351562,157.3000030517578,144.3000030517578,152.75,1710354600,45708365
655,152.85000610351562,161.6999969482422,152.4499969482422,160.0500030517578,1710441000,95085427
656,162.5,164.4499969482422,157.25,158.25,1710700200,35382756
657,158.60000610351562,161.4499969482422,156.5,157.9499969482422,1710786600,24847687
658,159.4499969482422,166.6999969482422,159.0,165.60000610351562,1710873000,45544054
659,168.0,171.0,166.39999389648438,169.64999389648438,1710959400,42227967
660,170.4499969482422,174.89999389648438,169.0500030517578,174.1999969482422,1711045800,41776494
661,173.39999389648438,183.6499938964844,172.1999969482422,182.6000061035156,1711391400,64590292
662,183.6000061035156,189.0,177.1999969482422,179.4499969482422,1711477800,50528769
663,179.8000030517578,184.6999969482422,176.0,182.1000061035156,1711564200,42567446
664,183.8999938964844,188.1999969482422,182.75,184.5,1711909800,20789208
665,185.0,185.0,180.75,183.1000061035156,1711996200,36346394
666,181.9499969482422,182.0,177.85000610351562,178.3000030517578,1712082600,24268721
667,180.5,188.1499938964844,180.25,187.0,1712169000,52772054
668,188.25,191.8000030517578,187.25,190.5,1712255400,35235139
669,191.6000061035156,194.0,190.5500030517578,191.8000030517578,1712514600,23092887
670,192.5500030517578,195.5,188.75,193.6999969482422,1712601000,30824719
671,195.0,199.6000061035156,194.0500030517578,196.8999938964844,1712687400,35141522
672,195.8500061035156,199.6999969482422,190.5,192.1000061035156,1712860200,56543869
673,188.0,192.3999938964844,184.5,188.3000030517578,1713119400,48456568
674,187.0,189.3000030517578,183.8999938964844,186.4499969482422,1713205800,43273463
675,188.5,189.25,183.0,185.1999969482422,1713378600,35346377
676,182.3000030517578,191.0,181.3999938964844,189.1999969482422,1713465000,34112204
677,193.0,197.6999969482422,190.8000030517578,193.3500061035156,1713724200,28792292
678,194.3999938964844,194.5,186.6000061035156,187.4499969482422,1713810600,35740731
679,189.0,189.1000061035156,183.1499938964844,184.3999938964844,1713897000,32622315
680,184.0,188.8999938964844,182.5,184.6999969482422,1713983400,38839521
681,189.0,190.4499969482422,186.3500061035156,188.1000061035156,1714069800,33778145
682,189.3999938964844,194.3000030517578,186.4499969482422,193.6000061035156,1714329000,33415230
683,195.0,196.9499969482422,192.1999969482422,193.1499938964844,1714415400,39383265
684,193.6000061035156,195.9499969482422,192.75,195.4499969482422,1714588200,27391448
685,196.8000030517578,200.3500061035156,193.1000061035156,197.25,1714674600,37882274
686,199.0,202.0,194.5,195.6999969482422,1714933800,26394239
687,196.1499938964844,196.3500061035156,182.3500061035156,191.4499969482422,1715020200,48161265
688,190.6499938964844,196.0,187.3000030517578,195.4499969482422,1715106600,47941406
689,195.0,199.6999969482422,193.1000061035156,195.25,1715193000,47274769
690,196.3500061035156,205.0,189.8999938964844,201.3000030517578,1715279400,52717901
691,205.8000030517578,207.1999969482422,186.75,194.3000030517578,1715538600,114135952
692,191.6999969482422,193.4499969482422,182.1000061035156,187.3000030517578,1715625000,110070781
693,188.8000030517578,193.3999938964844,183.1499938964844,192.0,1715711400,44772997
694,192.8999938964844,195.8500061035156,189.0,195.1999969482422,1715797800,35478593
695,195.1499938964844,196.0,193.1000061035156,194.8500061035156,1715884200,20841351
696,194.3999938964844,196.5,188.75,189.1000061035156,1716229800,33453174
697,190.0,190.0,183.3500061035156,185.5,1716316200,40374419
698,186.5,189.3999938964844,184.5,186.8000030517578,1716402600,20931137
699,188.0,188.0,179.10000610351562,182.8999938964844,1716489000,37064093
700,183.8999938964844,185.4499969482422,178.39999389648438,183.6499938964844,1716748200,47652253
701,184.3500061035156,184.8000030517578,180.3999938964844,181.6000061035156,1716834600,34444521
702,180.5500030517578,185.3999938964844,180.0,183.3500061035156,1716921000,30888209
703,183.0,185.0,179.0,180.6000061035156,1717007400,33684173
704,178.8000030517578,183.1499938964844,171.25,179.14999389648438,1717093800,149283415
705,184.5,185.5,175.0,175.4499969482422,1717353000,53437123
706,176.5,176.5,146.3000030517578,172.0,1717439400,75272859
707,175.0,185.3000030517578,166.75,183.8000030517578,1717525800,57213537
708,185.0,185.8000030517578,182.5,183.6499938964844,1717612200,20887553
709,182.5,187.0,180.6999969482422,184.0,1717698600,33175407
710,184.0,186.5,181.55999755859372,182.16000366210935,1717957800,33163473
711,182.6000061035156,186.0,180.10000610351562,184.0200042724609,1718044200,41803815
712,184.38999938964844,184.8800048828125,179.3300018310547,179.64999389648438,1718130600,42830411
713,183.8000030517578,185.8000030517578,180.1499938964844,184.94000244140625,1718217000,47891484
714,185.6999969482422,186.6000061035156,184.0500030517578,186.2400054931641,1718303400,29823712
715,187.5,189.1000061035156,184.8000030517578,188.6100006103516,1718649000,40633379
716,190.0,201.0,189.55999755859372,198.4900054931641,1718735400,112274897
717,199.9900054931641,201.8000030517578,195.0,197.0500030517578,1718821800,44395214
718,197.8999938964844,199.9499969482422,193.0500030517578,193.9499969482422,1718908200,37841138
719,193.8999938964844,199.8000030517578,191.9499969482422,198.9199981689453,1719167400,34201378
720,201.75,204.6999969482422,200.0,202.2700042724609,1719253800,60670560
721,202.55999755859372,203.47999572753903,196.0,197.25,1719340200,38934432
722,198.1999969482422,201.5,196.0,200.1499938964844,1719426600,32535933
723,201.3000030517578,203.9199981689453,199.1000061035156,200.55999755859372,1719513000,37287397
724,199.7100067138672,204.5,194.55999755859372,203.97000122070312,1719772200,53536850
725,204.0,209.83999633789065,202.25,209.08999633789065,1719858600,65698266
726,209.4499969482422,213.9499969482422,205.3300018310547,208.44000244140625,1719945000,61479249
727,208.38999938964844,210.2899932861328,206.6999969482422,207.44000244140625,1720031400,30004307
728,207.0,208.3999938964844,204.7700042724609,207.57000732421875,1720117800,29681228
729,208.25,210.0,206.0,207.92999267578125,1720377000,18260120
730,207.8000030517578,214.0,206.6100006103516,212.55999755859372,1720463400,39312576
731,213.0,213.38999938964844,205.7400054931641,211.3699951171875,1720549800,29852043
732,211.47000122070312,218.9499969482422,211.3699951171875,217.13999938964844,1720636200,45769091
733,219.0,223.25,217.0500030517578,222.47000122070312,1720722600,45580868
734,225.0,232.0,225.0,229.1499938964844,1720981800,51203051
735,230.0,230.3500061035156,215.3000030517578,217.4900054931641,1721068200,44681031
736,217.75,221.3999938964844,210.25,220.6199951171875,1721241000,58537673
737,217.9900054931641,220.4900054931641,213.6699981689453,218.88999938964844,1721327400,39257871
738,214.0,222.19000244140625,214.0,221.66000366210935,1721586600,33701488
739,222.5,223.72000122070312,207.0,217.91000366210935,1721673000,36589825
740,217.8500061035156,225.5,215.6000061035156,223.4900054931641,1721759400,32358784
741,221.0,223.97000122070312,216.9499969482422,219.30999755859372,1721845800,26124437
742,219.0,226.6199951171875,216.8500061035156,224.6199951171875,1721932200,35693966
743,226.6199951171875,229.4600067138672,224.1000061035156,226.88999938964844,1722191400,40644424
744,226.9499969482422,231.1999969482422,225.1100006103516,227.1300048828125,1722277800,39378466
745,227.6100006103516,230.13999938964844,226.0500030517578,229.4499969482422,1722364200,25009969
746,231.0,238.0,228.0,234.08999633789065,1722450600,87888742
747,244.5,278.70001220703125,243.0,262.3399963378906,1722537000,389060620
748,254.0,265.54998779296875,249.0,256.2900085449219,1722796200,156106218
749,265.8999938964844,275.0,247.1999969482422,249.0800018310547,1722882600,143459602
750,261.5299987792969,267.6000061035156,251.80999755859372,265.6700134277344,1722969000,127379201
751,265.0,267.5,260.0,265.5899963378906,1723055400,57917059
752,267.7300109863281,272.8999938964844,265.54998779296875,267.0899963378906,1723141800,52601958
753,263.5,266.489990234375,261.3500061035156,263.42999267578125,1723401000,33514964
754,265.0,265.3999938964844,256.0,257.0799865722656,1723487400,26127109
755,260.29998779296875,264.5,255.5,260.1400146484375,1723573800,41735068
756,260.70001220703125,266.20001220703125,257.010009765625,264.42999267578125,1723746600,42932761
757,278.0,280.8999938964844,261.0,262.1700134277344,1724005800,80435895
758,262.0,264.45001220703125,258.25,263.1199951171875,1724092200,132396556
759,263.1199951171875,264.45001220703125,259.0,260.0299987792969,1724178600,38605742
760,264.0,267.0,256.010009765625,257.9599914550781,1724265000,73893288
761,260.4100036621094,269.8999938964844,258.3099975585937,262.6499938964844,1724351400,102220794
762,263.79998779296875,264.4200134277344,258.1000061035156,259.3900146484375,1724610600,36184864
763,260.75,261.3999938964844,255.3999938964844,256.04998779296875,1724697000,31816706
764,257.0,257.739990234375,252.1499938964844,253.0399932861328,1724783400,28603253
765,254.77999877929688,256.3500061035156,248.50999450683597,252.33999633789065,1724869800,37767471
766,253.5,255.4499969482422,248.80999755859372,250.52999877929688,1724956200,50157287
767,252.0,252.3000030517578,241.8500061035156,244.4499969482422,1725215400,55833057
768,246.75,252.9499969482422,245.3999938964844,247.6999969482422,1725301800,66538683
769,244.4499969482422,245.0,240.3999938964844,242.8500061035156,1725388200,58762234
770,248.0500030517578,261.6000061035156,246.0,254.8500061035156,1725474600,115627516
771,255.0,262.1499938964844,254.25,259.95001220703125,1725561000,75700809
772,260.0,265.0,256.29998779296875,263.20001220703125,1725820200,58534619
773,265.8500061035156,270.29998779296875,259.54998779296875,267.70001220703125,1725906600,68658961
774,268.25,281.5,268.1000061035156,271.75,1725993000,121883781
775,276.29998779296875,286.0,274.29998779296875,283.8999938964844,1726079400,101691858
776,285.3999938964844,286.45001220703125,271.1000061035156,272.8999938964844,1726165800,82150759
777,274.5,282.0,269.20001220703125,277.70001220703125,1726425000,47792145
778,277.6499938964844,278.0,270.0,270.75,1726511400,33515464
779,270.6499938964844,277.8500061035156,269.8999938964844,275.8500061035156,1726597800,30225926
780,276.5,280.95001220703125,272.25,278.8500061035156,1726684200,48225291
781,279.0,293.0,278.95001220703125,290.5,1726770600,84416068
782,292.0,298.25,290.54998779296875,297.0,1727029800,48761823
783,298.0,298.0,290.25,291.70001220703125,1727116200,40844804
784,291.79998779296875,291.8500061035156,283.04998779296875,285.3999938964844,1727202600,47685746
785,285.3999938964844,285.8999938964844,278.5,283.8999938964844,1727289000,39057810
786,275.3999938964844,286.8999938964844,273.5,278.1499938964844,1727375400,58812631
787,277.8999938964844,277.8999938964844,272.45001220703125,273.29998779296875,1727634600,40976919
788,272.54998779296875,276.45001220703125,271.29998779296875,274.1499938964844,1727721000,32110540
789,269.70001220703125,272.45001220703125,268.0,269.0,1727893800,40791499
790,267.0,277.8500061035156,264.1000061035156,275.29998779296875,1727980200,59102827
791,278.54998779296875,279.0,261.6000061035156,266.1000061035156,1728239400,51381672
792,266.0,280.8999938964844,262.6000061035156,278.70001220703125,1728325800,68958719
793,279.0,290.0,275.3500061035156,279.95001220703125,1728412200,62967866
794,280.5,282.45001220703125,274.1000061035156,275.3500061035156,1728498600,38904819
795,276.3999938964844,279.0,275.5,277.54998779296875,1728585000,17126335
796,280.8999938964844,285.25,278.0,280.04998779296875,1728844200,45217362
797,283.0,283.0,276.1000061035156,279.54998779296875,1728930600,23988729
798,279.0,279.3999938964844,273.0,274.25,1729017000,20872032
799,275.0,275.1499938964844,268.6000061035156,270.54998779296875,1729103400,25228600
800,256.8999938964844,270.29998779296875,255.25,257.45001220703125,1729189800,108015952
801,258.0,267.0,254.5,265.70001220703125,1729449000,88316113
802,267.0,270.8999938964844,252.75,256.3500061035156,1729535400,69963412
803,256.3500061035156,268.0,242.1000061035156,264.04998779296875,1729621800,161602998
804,267.20001220703125,268.3999938964844,252.5500030517578,254.3000030517578,1729708200,60352258
805,256.0,257.95001220703125,246.5,253.8000030517578,1729794600,66829144
806,252.0,259.25,247.1000061035156,253.9499969482422,1730053800,41028381
807,254.9499969482422,255.8999938964844,248.4499969482422,252.25,1730140200,30238688
808,249.1499938964844,250.5,245.0500030517578,246.8500061035156,1730226600,48399791
809,248.0,248.8000030517578,240.3999938964844,241.75,1730313000,36737366
810,244.3999938964844,250.0,244.1499938964844,248.9900054931641,1730399400,13009914
811,242.92999267578125,246.9900054931641,240.0,245.0800018310547,1730658600,49186567
812,244.0,246.3500061035156,239.4499969482422,241.8699951171875,1730745000,42081056
813,243.3000030517578,256.1400146484375,243.3000030517578,254.94000244140625,1730831400,61727658
814,257.0,262.45001220703125,254.0,255.22000122070312,1730917800,56967827
815,256.20001220703125,258.1199951171875,245.8999938964844,248.72999572753903,1731004200,48676279
816,244.75,259.5,244.0,258.6199951171875,1731263400,43972581
817,259.95001220703125,264.8999938964844,255.3000030517578,260.989990234375,1731349800,50975031
818,258.0799865722656,263.42999267578125,254.52999877929688,258.3999938964844,1731436200,61475328
819,261.5,271.0,260.70001220703125,269.6600036621094,1731522600,84971093
820,274.29998779296875,274.3999938964844,269.3599853515625,270.7900085449219,1731868200,59799056
821,271.94000244140625,272.70001220703125,267.6600036621094,271.3599853515625,1731954600,42992794
822,273.70001220703125,275.489990234375,262.1099853515625,266.8099975585937,1732127400,57742968
823,266.79998779296875,268.989990234375,262.54998779296875,264.20001220703125,1732213800,26626294
824,273.25,284.3399963378906,271.1700134277344,273.3099975585937,1732473000,119525837
825,273.79998779296875,281.1400146484375,272.6099853515625,280.1099853515625,1732559400,48373365
826,281.0,289.70001220703125,278.760009765625,284.7200012207031,1732645800,66635986
827,285.6000061035156,288.25,281.42999267578125,286.1300048828125,1732732200,49584020
828,285.0,287.489990234375,273.6199951171875,279.760009765625,1732818600,73433199
829,281.8999938964844,285.70001220703125,280.45001220703125,282.5,1733077800,35170688
830,279.70001220703125,282.3500061035156,279.0,279.8500061035156,1733164200,30078648
831,283.0,288.0,283.0,286.25,1733250600,45520598
832,288.25,304.6499938964844,286.8500061035156,299.3500061035156,1733337000,102148528
833,300.0,303.8999938964844,296.25,302.95001220703125,1733423400,49309068
834,304.70001220703125,304.70001220703125,291.79998779296875,295.29998779296875,1733682600,51131895
835,296.75,299.45001220703125,295.0,295.8500061035156,1733769000,31333039
836,290.0,294.29998779296875,288.6000061035156,291.79998779296875,1733855400,39053928
837,291.79998779296875,295.0,284.1000061035156,284.8999938964844,1733941800,38405304
838,279.0,288.95001220703125,278.20001220703125,288.25,1734028200,47302705
839,289.0,295.8999938964844,286.54998779296875,294.1499938964844,1734287400,31320679
840,295.5,303.45001220703125,292.29998779296875,296.79998779296875,1734373800,72724924
841,297.70001220703125,297.70001220703125,290.0,291.8999938964844,1734460200,28348122
842,288.04998779296875,290.20001220703125,284.70001220703125,288.5,1734546600,31350637
843,290.0,290.5,274.20001220703125,282.1000061035156,1734633000,271472990
844,273.8999938964844,282.8999938964844,272.0,273.95001220703125,1734892200,74588008
845,274.5,277.0,269.1000061035156,274.8500061035156,1734978600,37011994
846,276.6000061035156,276.79998779296875,271.25,273.20001220703125,1735151400,26031760
847,274.8999938964844,275.8999938964844,269.75,271.25,1735237800,18997843
848,271.25,291.6000061035156,269.79998779296875,282.1000061035156,1735497000,143568542
849,278.0,281.6000061035156,275.0,278.04998779296875,1735583400,31925776
850,279.0,279.1000061035156,276.0,276.5,1735669800,14417581
851,277.8999938964844,286.0,276.0,284.6000061035156,1735756200,27949423
852,285.0,285.0,271.5,272.8500061035156,1735842600,48244937
853,274.5,274.79998779296875,262.20001220703125,264.8500061035156,1736101800,52254616
854,256.95001220703125,259.20001220703125,251.0,252.4499969482422,1736188200,115216965
855,251.6999969482422,252.75,244.3500061035156,250.0500030517578,1736274600,57146621
856,251.6000061035156,252.5500030517578,244.5500030517578,245.3500061035156,1736361000,49569418
857,244.8999938964844,246.3999938964844,237.4499969482422,242.9499969482422,1736447400,53817888
858,240.0,240.3999938964844,226.1999969482422,227.1499938964844,1736706600,69081908
859,233.9499969482422,237.6000061035156,230.0,233.6000061035156,1736793000,85363264
860,235.0,246.0,235.0,243.8999938964844,1736879400,65921349
861,250.0,262.0,241.0,241.8999938964844,1736965800,69621318
862,244.6999969482422,250.8000030517578,240.5,248.8000030517578,1737052200,40007808
863,251.0,254.3500061035156,228.25,239.75,1737311400,102666319
864,223.0,227.0,207.8000030517578,214.5500030517578,1737397800,308217731
865,207.1499938964844,218.1999969482422,203.8500061035156,216.4499969482422,1737484200,178256196
866,219.6499938964844,223.4499969482422,216.4499969482422,221.9499969482422,1737570600,75649874
867,221.0,221.0,214.6000061035156,215.6000061035156,1737657000,43901547
868,213.0,213.0,205.5,206.1999969482422,1737916200,55203993
869,206.25,211.75,205.6000061035156,208.1999969482422,1738002600,54426157
870,211.0,223.75,210.1999969482422,222.5,1738089000,53638588
871,223.0,224.8000030517578,217.0,218.8000030517578,1738175400,44730687
872,219.0,223.0,217.0,220.3500061035156,1738261800,33200044
873,220.3500061035156,240.3999938964844,215.6000061035156,236.32000732421875,1738348200,85291984
